lat,lon,yaw
40.09274310189338,-88.23596467641454,271.505432128906
40.09274311177598,-88.23596466873482,271.503295898437
40.09274312371121,-88.23596464921258,271.503875732422
40.09274313791676,-88.23596462494655,271.502014160156
40.09274315317193,-88.2359645990887,271.5029296875
40.092743091554134,-88.23596461743941,271.502105712891
40.092743097507025,-88.23596459831913,271.503356933594
40.092743106067,-88.23596458043403,271.502563476563
40.09274311663137,-88.23596456014258,271.503143310547
40.09274312933657,-88.23596453682343,271.502868652344
40.09274310371698,-88.23596463410757,271.501342773437
40.09274311288874,-88.23596462586322,271.499572753906
40.09274312409354,-88.23596463326074,271.499267578125
40.09274313757417,-88.23596464902478,271.499084472656
40.092743154535185,-88.23596469713017,271.498870849609
40.09274317319562,-88.23596477645053,271.500152587891
40.09274312224784,-88.23596500173933,271.506744384766
40.09274313719075,-88.23596520057556,271.50634765625
40.09274315563463,-88.23596547219177,271.509002685547
40.09274317691261,-88.23596581959974,271.511627197266
40.09274312038062,-88.2359663338553,271.515319824219
40.09274313723431,-88.23596686484802,271.519653320312
40.09274315753451,-88.23596749110567,271.524688720703
40.09274318192086,-88.2359682189137,271.531005859375
40.092743210276836,-88.2359690518596,271.534515380859
40.0927432426548,-88.23596999071633,271.544158935547
40.09274315972281,-88.23597114252173,271.547546386719
40.09274318391353,-88.23597230196552,271.556823730469
40.09274321289442,-88.23597354826417,271.559753417969
40.09274324560346,-88.23597487258327,271.566070556641
40.09274327956071,-88.23597627136157,271.583953857422
40.092743218728515,-88.23597783630613,271.585906982422
40.0927432447248,-88.23597938149152,271.605651855469
40.092743274841,-88.2359809900585,271.617340087891
40.09274331087767,-88.2359826515303,271.619964599609
40.09274334742108,-88.2359843726633,271.631958007812
40.09274338820684,-88.23598614994735,271.638610839844
40.092743254830395,-88.23598808514977,271.615539550781
40.09274327822864,-88.2359899774378,271.628723144531
40.09274330553275,-88.23599191766463,271.634399414062
40.09274333335023,-88.23599390390785,271.646362304687
40.09274329254047,-88.2359960733176,271.660430908203
40.09274331588195,-88.23599813271579,271.673706054687
40.092743339490745,-88.23600021260802,271.681793212891
40.09274336414254,-88.23600231923534,271.691619873047
40.09274336379028,-88.23600452793518,271.700836181641
40.09274338974866,-88.23600668143867,271.706298828125
40.09274341540876,-88.2360088461147,271.704925537109
40.09274344550321,-88.23601101381763,271.715728759766
40.09274347532584,-88.23601318390307,271.714233398438
40.09274342066401,-88.23601544769237,271.733428955078
40.09274344003066,-88.23601762726126,271.732757568359
40.09274345926759,-88.23601980461969,271.738616943359
40.09274348165541,-88.23602198247872,271.742767333984
40.09274350636703,-88.23602415668219,271.745391845703
40.0927435313513,-88.23602632745204,271.750823974609
40.09274353258962,-88.2360285747641,271.780364990234
40.092743554944775,-88.23603075343802,271.805969238281
40.092743583194846,-88.23603293223974,271.822235107422
40.09274361219004,-88.2360351149365,271.847137451172
40.092743599132824,-88.2360374054604,271.884460449219
40.09274362401246,-88.23603960217578,271.922546386719
40.09274365481372,-88.23604179623672,271.968292236328
40.09274369059862,-88.2360439870237,271.995727539062
40.09274372279554,-88.23604617611258,272.043029785156
40.09274372140978,-88.23604845791644,272.088684082031
40.09274375304597,-88.23605065415857,272.133148193359
40.092743791975145,-88.23605283576573,272.176666259766
40.092743832561744,-88.23605500416846,272.227111816406
40.09274387150749,-88.2360571557319,272.289154052734
40.09274388860893,-88.23605938878626,272.356658935547
40.09274393347606,-88.23606152898914,272.427032470703
40.09274398012897,-88.23606365367706,272.502655029297
40.09274402385349,-88.2360657510972,272.589172363281
40.092744073853524,-88.23606783591036,272.6767578125
40.09274413595079,-88.23606990465011,272.7607421875
40.09274420603722,-88.23607195743885,272.856567382812
40.09274426226138,-88.23607414065262,272.963012695313
40.092744328101354,-88.23607616744047,273.064514160156
40.092744392573316,-88.23607816647265,273.173858642578
40.09274446229286,-88.23608013307853,273.278778076172
40.09274441303488,-88.23608216318598,273.404052734375
40.09274446923365,-88.23608409853067,273.53564453125
40.092744534365075,-88.2360860255192,273.656585693359
40.0927446087309,-88.2360879487686,273.779083251953
40.09274468503221,-88.23608985410864,273.909149169922
40.092744726576015,-88.23609186525685,274.054107666016
40.09274480327321,-88.23609376240941,274.208862304687
40.092744887652216,-88.23609562915101,274.371490478516
40.09274497290934,-88.23609748899287,274.563110351562
40.092745067016715,-88.23609932637058,274.758270263672
40.092745157339316,-88.23610127974486,274.954162597656
40.09274525901103,-88.2361031088069,275.158508300781
40.092745365011616,-88.23610492598688,275.366607666016
40.09274547753009,-88.23610672999308,275.599212646484
40.09274559788244,-88.23610852419723,275.854888916016
40.092745671341696,-88.23611044390528,276.102020263672
40.0927457976353,-88.23611225000472,276.482147216797
40.092745936633555,-88.23611405215348,276.908325195313
40.09274608622902,-88.23611585056716,277.384826660156
40.09274625426931,-88.23611764112434,277.896728515625
40.09274633681428,-88.23611955114443,278.443786621094
40.092746517340984,-88.23612134922487,279.018646240234
40.09274671395674,-88.23612313792059,279.625305175781
40.09274692410177,-88.23612492086772,280.279754638672
40.09274715046043,-88.23612669449662,280.9833984375
40.09274737517038,-88.23612856807652,281.736572265625
40.0927476414846,-88.23613034088454,282.525604248047
40.092747928108636,-88.23613210087592,283.348693847656
40.09274823812874,-88.23613384087676,284.2080078125
40.09274856430091,-88.23613556951683,285.094451904297
40.092748818412055,-88.23613745914933,286.000579833984
40.09274918172532,-88.23613917354118,286.900299072266
40.09274956271979,-88.23614086965848,287.827087402344
40.09274996090344,-88.23614255147311,288.790466308594
40.09275037269471,-88.23614422402727,289.819244384766
40.092750803612624,-88.23614605692747,290.890441894531
40.092751276069855,-88.2361477093661,291.975860595703
40.09275178011243,-88.23614934309131,293.06689453125
40.092752310502924,-88.23615096320937,294.182312011719
40.09275273533892,-88.23615267181218,295.279510498047
40.092753287127714,-88.23615428599338,296.387634277344
40.09275385950861,-88.23615587845754,297.506317138672
40.09275445983822,-88.23615745021584,298.645202636719
40.09275508812838,-88.23615899013252,299.828582763672
40.09275576993742,-88.23616075056708,301.046936035156
40.09275645527804,-88.23616229390622,302.277984619141
40.09275716572276,-88.23616381758956,303.516357421875
40.09275790387776,-88.23616530929984,304.745025634766
40.09275867065517,-88.23616678117749,305.997283935547
40.09275946872335,-88.23616829639045,307.239715576172
40.09276028953012,-88.23616974916534,308.534393310547
40.09276113485071,-88.2361711748404,309.863464355469
40.09276200650674,-88.23617256654258,311.215209960937
40.09276290257198,-88.23617391566641,312.598175048828
40.09276383395762,-88.23617522327673,313.966613769531
40.09276479189571,-88.23617648753266,315.341003417969
40.09276564569958,-88.23617786912956,316.762115478516
40.09276663122149,-88.23617908391908,318.205963134766
40.092767630978884,-88.23618026491388,319.703948974609
40.092768647518746,-88.23618139453365,321.179168701172
40.09276974129415,-88.2361827370862,322.624755859375
40.092770796619355,-88.23618380534606,324.092041015625
40.092771872485805,-88.23618482038503,325.545989990234
40.09277295699117,-88.23618578487735,327.026062011719
40.09277405125915,-88.23618671054997,328.543579101562
40.09277513150516,-88.23618783600665,330.000305175781
40.092776249138,-88.23618870141975,331.515594482422
40.09277737701564,-88.23618950800363,332.995819091797
40.092778515273885,-88.23619026733401,334.446014404297
40.0927796680738,-88.2361909781717,335.853332519531
40.09278085491287,-88.23619184372836,337.214172363281
40.09278203099848,-88.23619249808762,338.583465576172
40.09278321916345,-88.23619311172672,339.9365234375
40.0927844137035,-88.23619368739558,341.300750732422
40.09278561471948,-88.2361942199541,342.659942626953
40.092786811315584,-88.23619485767964,343.994567871094
40.092788031451185,-88.23619531653938,345.305541992187
40.092789256719534,-88.23619573169988,346.624237060547
40.092790490645264,-88.23619609719631,347.928497314453
40.09279173524684,-88.2361964221616,349.205200195312
40.09279299152786,-88.23619685715632,350.514404296875
40.09279424754139,-88.23619712833388,351.8056640625
40.09279550484072,-88.23619735579122,353.089385986328
40.09279676125333,-88.23619754340854,354.372131347656
40.09279801983329,-88.2361978875177,355.608428955078
40.0927992667684,-88.23619803189199,356.894775390625
40.092800503741955,-88.23619812965309,358.152618408203
40.09280172939594,-88.23619818775187,359.428741455078
40.09280294602642,-88.23619819509211,0.69779372215271
40.09280415473839,-88.23619816461456,1.97187185287476
40.09280535588245,-88.2361980989324,3.2495551109314
40.09280665259931,-88.23619821285762,4.52005195617676
40.09280784455495,-88.23619808721159,5.78330373764038
40.09280902870616,-88.23619792156038,7.03437566757202
40.09281020456547,-88.2361977215798,8.27849674224854
40.09281137168005,-88.23619749091122,9.53152275085449
40.092812570900065,-88.23619748510198,10.7793979644775
40.09281372837993,-88.23619721193278,12.0143527984619
40.09281487746755,-88.2361969046061,13.2675218582153
40.09281601723419,-88.23619655246395,14.5042781829834
40.09281724166252,-88.2361962675075,15.7501964569092
40.09281838726567,-88.23619586693003,17.0114364624023
40.092819519914784,-88.236195421886,18.2565956115723
40.09282063945593,-88.23619494056213,19.5281257629395
40.092821749145756,-88.23619442622002,20.8151226043701
40.092822909429515,-88.23619393324424,22.1209850311279
40.092824005840995,-88.23619335234534,23.4398002624512
40.09282509210941,-88.23619273635265,24.7727146148682
40.09282616182849,-88.23619208331382,26.1158027648926
40.09282721651527,-88.23619139012222,27.4571056365967
40.09282834676041,-88.23619074435729,28.8051128387451
40.092829377080314,-88.23618999187997,30.1533908843994
40.092830390820104,-88.23618920868621,31.4978275299072
40.0928313912074,-88.23618839367656,32.8499641418457
40.09283237306921,-88.23618753957521,34.1986274719238
40.09283350642675,-88.23618688890862,35.4659271240234
40.09283447434525,-88.23618600743153,36.8638343811035
40.092835418644604,-88.23618509495675,38.2717933654785
40.092836338789894,-88.23618415277468,39.7140159606934
40.09283723230748,-88.2361831770261,41.1313667297363
40.09283823369291,-88.2361822940158,42.5662841796875
40.092839090819055,-88.23618128416992,43.9932594299316
40.092839920896566,-88.23618024524917,45.4002914428711
40.09284072383987,-88.23617918572056,46.8147888183594
40.092841631168454,-88.23617809880876,48.2267761230469
40.092842399016504,-88.23617699194152,49.6308326721191
40.092843143812054,-88.23617586963091,51.0228462219238
40.09284385882101,-88.23617472345013,52.3983459472656
40.092844549375066,-88.236173556693,53.754566192627
40.092845337272436,-88.23617240752749,55.0771903991699
40.09284598952132,-88.23617120225691,56.3626976013184
40.09284661596471,-88.23616997911823,57.6411170959473
40.09284721568848,-88.23616874394071,58.9086456298828
40.09284779212242,-88.23616748861069,60.148136138916
40.09284834460313,-88.2361662195043,61.3764343261719
40.09284886352763,-88.23616500914615,62.6093215942383
40.09284936994836,-88.23616371048102,63.8104400634766
40.0928498610931,-88.23616238543914,65.0197830200195
40.092850331879745,-88.23616103072568,66.1986312866211
40.09285078094732,-88.23615964734458,67.3739395141602
40.092851370257186,-88.23615820781687,68.5164413452148
40.092851796445075,-88.23615675980528,69.6278076171875
40.092852206112184,-88.23615528406128,70.7162933349609
40.09285258821357,-88.23615377792046,71.7495193481445
40.09285356726248,-88.23615065155612,73.7428588867188
40.09285391671345,-88.23614908205562,74.680908203125
40.09285424616943,-88.23614749091105,75.5865173339844
40.092854554933496,-88.23614588014841,76.4659957885742
40.09285489166628,-88.23614430787894,77.3246841430664
40.092855171579366,-88.2361426535813,78.1676864624023
40.092855429373756,-88.236140968615,78.9872817993164
40.092855671192346,-88.23613924964806,79.8111267089844
40.0928558986905,-88.23613749634163,80.6166305541992
40.09285610721995,-88.23613571087503,81.3882522583008
40.09285644483897,-88.23613385532462,82.2980804443359
40.09285662203989,-88.23613201580515,83.0322036743164
40.092856780698575,-88.23613014933137,83.7304840087891
40.09285692739483,-88.23612825963832,84.4242630004883
40.09285704543487,-88.2361263571793,85.0701675415039
40.092857303576466,-88.2361243622599,85.6596221923828
40.09285741375066,-88.23612242125733,86.2406997680664
40.09285750162369,-88.23612046642147,86.7860107421875
40.09285757197308,-88.23611849490061,87.3023834228516
40.09285786899231,-88.23611646923716,87.7867126464844
40.09285793652272,-88.23611446122135,88.2561874389648
40.09285799261967,-88.23611243905252,88.7114181518555
40.09285803278248,-88.23611040322858,89.129997253418
40.09285806053968,-88.23610835793271,89.5261611938477
40.09285816558845,-88.23610620671988,89.8899688720703
40.09285817883158,-88.23610414432746,90.2216186523438
40.09285818297003,-88.23610208639722,90.526611328125
40.092858178024066,-88.23610004800646,90.7957534790039
40.092858162834794,-88.23609803013103,91.0450744628906
40.092858135465264,-88.23609603335281,91.2593460083008
40.092858113889726,-88.23609397845088,91.4428024291992
40.09285806898229,-88.23609200466329,91.5794906616211
40.09285802394255,-88.2360900415873,91.6774139404297
40.092857975159966,-88.23608809122884,91.7185516357422
40.092857918299146,-88.23608615305177,91.7289276123047
40.09285802822281,-88.23608422803854,91.8907089233398
40.092857989801395,-88.2360823166083,91.8976287841797
40.092857953252334,-88.23608042348114,91.904426574707
40.09285791167,-88.23607854795809,91.9296188354492
40.09285804871411,-88.23607663652534,91.9270324707031
40.09285802754611,-88.2360747817722,91.9411163330078
40.09285799688855,-88.23607294046796,91.9424667358399
40.0928579686208,-88.2360711126472,91.9454650878906
40.09285794751453,-88.23606929297193,91.9746170043945
40.09285786132594,-88.23606730544239,91.9825592041016
40.09285781346298,-88.2360654777575,91.9933929443359
40.09285776791863,-88.23606365613095,92.0004348754883
40.0928577249256,-88.23606183939768,92.0212936401367
40.09285767993424,-88.23606002589142,92.0382080078125
40.092857626492346,-88.23605821489369,92.0516815185547
40.092857714769686,-88.2360563423512,92.0625839233398
40.09285767787251,-88.236054521175,92.080680847168
40.0928576337879,-88.23605269745374,92.0934219360352
40.09285758707511,-88.23605087395987,92.1051483154297
40.092857566663575,-88.23604898638887,92.1211929321289
40.09285752772684,-88.23604714663635,92.146842956543
40.09285748442311,-88.23604531450354,92.1608810424805
40.0928574303807,-88.23604349057443,92.1910705566406
40.09285737308724,-88.23604167257147,92.2127075195312
40.09285741467938,-88.23603972396502,92.2587966918945
40.09285737780026,-88.23603789560016,92.3141326904297
40.09285733796407,-88.23603607063103,92.3884201049805
40.09285728883041,-88.23603424786249,92.4530258178711
40.09285724015231,-88.23603242777618,92.5383224487305
40.09285725167773,-88.23603051468048,92.6411895751953
40.09285719504577,-88.23602869744441,92.7471466064453
40.09285714012757,-88.2360268890609,92.8792343139648
40.09285708325989,-88.23602508673595,93.0282592773438
40.09285701946788,-88.23602329823845,93.2034454345703
40.092856995532834,-88.23602142218546,93.3981170654297
40.09285692346763,-88.236019633281,93.6144866943359
40.09285684966636,-88.23601785229322,93.8868637084961
40.09285676611084,-88.23601608395668,94.1777114868164
40.09285667077712,-88.23601433403185,94.5131454467773
40.09285667116719,-88.23601247562196,94.9831619262695
40.092856568939425,-88.23601072018712,95.3840484619141
40.09285645695172,-88.23600896587678,95.8391952514648
40.09285633410669,-88.23600721374271,96.3452377319336
40.09285620033339,-88.23600546294851,96.9219589233398
40.09285605208209,-88.23600371272396,97.577751159668
40.09285597446701,-88.2360019284323,98.2727584838867
40.09285579013554,-88.2360001747659,98.995719909668
40.09285559610352,-88.23599841589873,99.7976760864258
40.09285537919251,-88.23599665707488,100.61018371582
40.09285513948359,-88.23599489997194,101.505340576172
40.09285487112563,-88.2359929245613,102.422515869141
40.092854574479894,-88.23599114205727,103.374565124512
40.092854256892565,-88.23598936595188,104.395515441895
40.0928539071405,-88.23598760001245,105.434020996094
40.0928535346691,-88.23598584404928,106.532180786133
40.09285320415656,-88.23598394824288,107.69702911377
40.092852783085355,-88.2359821947309,108.886108398438
40.09285232870276,-88.2359804570348,110.093170166016
40.09285184444831,-88.23597873096143,111.316818237305
40.09285132991288,-88.23597701969874,112.572708129883
40.09285080791593,-88.23597512510264,113.967674255371
40.09285022829285,-88.23597341601295,115.27515411377
40.09284961314972,-88.23597171452381,116.609558105469
40.09284896003046,-88.23597002944331,117.969047546387
40.0928484621752,-88.2359683587719,119.345077514648
40.092847762100625,-88.23596669451302,120.737854003906
40.09284702722879,-88.23596503986617,122.156181335449
40.09284625540847,-88.23596340766983,123.579940795898
40.09284544760575,-88.23596179338203,125.009147644043
40.09284460740669,-88.23595988649609,126.444999694824
40.09284373275626,-88.2359582890958,127.894317626953
40.09284282497993,-88.2359567215192,129.368927001953
40.092841889863784,-88.23595517927183,130.872848510742
40.092840919582265,-88.23595367579269,132.376953125
40.092839917037374,-88.23595221223147,133.879669189453
40.092838947847646,-88.23595065803693,135.391174316406
40.09283788641415,-88.23594925714089,136.900833129883
40.092836800240896,-88.2359478987253,138.429611206055
40.09283568712305,-88.23594658538066,139.961517333984
40.092834552433914,-88.23594532588353,141.470596313477
40.09283331526551,-88.23594397470458,142.99592590332
40.09283212112317,-88.2359427778749,144.517440795898
40.09283090330913,-88.23594163302151,146.040283203125
40.09282966087964,-88.2359405350843,147.560562133789
40.092828343265445,-88.23593929913547,149.070343017578
40.09282705514917,-88.23593827857418,150.520263671875
40.092825748124824,-88.2359372935151,151.924041748047
40.09282441427015,-88.23593636306632,153.239471435547
40.092823063656205,-88.23593546336619,154.500228881836
40.092821812312756,-88.2359344445029,155.678649902344
40.092820447967476,-88.2359336113914,156.737503051758
40.09281907614754,-88.23593280760693,157.754180908203
40.09281768963651,-88.2359320464696,158.640930175781
40.092816293660185,-88.23593131159812,159.467529296875
40.0928148933735,-88.23593060587682,160.202163696289
40.09281335264676,-88.23592992132455,160.810684204102
40.092811922429284,-88.23592926767655,161.316253662109
40.09281048337717,-88.23592864158039,161.688980102539
40.092809037978974,-88.2359280337577,161.953231811523
40.09280758818303,-88.23592743808265,162.11848449707
40.09280615740554,-88.23592663940892,162.176986694336
40.092804700653886,-88.23592601850105,162.147506713867
40.092803245174224,-88.23592539375143,162.021911621094
40.09280178701783,-88.23592477845996,161.750381469727
40.09280033371571,-88.23592415796521,161.403610229492
40.09279895393737,-88.23592332237413,160.947448730469
40.09279752102903,-88.23592265903089,160.410766601563
40.092796099741264,-88.23592198279411,159.794860839844
40.09279468930723,-88.23592129471352,159.081558227539
40.09279332519123,-88.23592051959868,158.280380249023
40.09279195650242,-88.23591977934136,157.429077148438
40.092790603104454,-88.23591901396678,156.542419433594
40.092789247211904,-88.23591822563746,155.613235473633
40.09278788849745,-88.23591741810539,154.633926391602
40.09278648000712,-88.23591647714859,153.628784179688
40.0927851160782,-88.23591557892354,152.562606811523
40.09278376477302,-88.235914640005,151.470901489258
40.09278240090849,-88.2359136540929,150.328262329102
40.09278104057559,-88.2359126144443,149.172164916992
40.092779616593766,-88.23591140929113,148.025619506836
40.09277823693082,-88.23591025849773,146.813400268555
40.09277685438605,-88.23590906309639,145.578796386719
40.09277548280262,-88.23590782506962,144.294494628906
40.09277412608908,-88.23590654287564,143.003494262695
40.09277278520264,-88.23590522107904,141.660049438477
40.09277154502695,-88.2359037146739,140.296905517578
40.09277025843518,-88.23590227544891,138.896118164063
40.09276899594607,-88.23590078936608,137.45329284668
40.09276775952886,-88.23589926196645,135.999252319336
40.09276533704679,-88.2358960325035,133.092315673828
40.09276418483347,-88.23589437108069,131.642120361328
40.09276305987932,-88.23589267289742,130.178298950195
40.09276197248116,-88.23589093169794,128.718734741211
40.09276092022413,-88.23588915872459,127.242767333984
40.0927599040867,-88.23588723575799,125.74779510498
40.0927589213563,-88.23588537925188,124.232078552246
40.09275797426184,-88.2358834940982,122.676483154297
40.09275707292114,-88.23588157443378,121.109443664551
40.09275620992461,-88.23587962204994,119.541305541992
40.09275534607468,-88.23587765183258,117.964851379395
40.09275456657204,-88.23587564653957,116.399131774902
40.092753829113846,-88.23587361819202,114.824508666992
40.09275313409066,-88.235871568404,113.256759643555
40.0927524899723,-88.2358694944621,111.722526550293
40.092751888957295,-88.23586739668522,110.25333404541
40.0927513599731,-88.23586514525365,108.718032836914
40.09275084627419,-88.23586297226596,107.44116973877
40.09274991011664,-88.23585856476437,105.078346252441
40.09274931006605,-88.23585627051231,103.984939575195
40.0927489058852,-88.23585401575073,102.958358764648
40.0927485309359,-88.23585174595244,101.989242553711
40.09274818653034,-88.23584945912314,101.08519744873
40.092747869256556,-88.23584714985823,100.27571105957
40.092747563074155,-88.23584479247876,99.5139312744141
40.09274728761947,-88.23584244738053,98.8148727416992
40.09274703361935,-88.23584009139329,98.1768951416016
40.09274680048077,-88.23583772416816,97.5756607055664
40.09274658999898,-88.23583534530927,97.0239791870117
40.0927463753778,-88.23583278527363,96.5016326904297
40.09274618722113,-88.23583035803756,96.0003128051758
40.09274602385581,-88.23582791948044,95.5679779052734
40.09274586808476,-88.23582546681791,95.1521606445312
40.092745725066,-88.23582300130685,94.7531661987305
40.0927456550878,-88.2358204319923,94.4000854492188
40.092745536734114,-88.23581792444945,94.0289993286133
40.09274544485295,-88.23581540711864,93.7006072998047
40.092745360052014,-88.23581287421027,93.3998565673828
40.09274524135075,-88.23581021058979,93.0949859619141
40.092745165946916,-88.23580763136471,92.8285522460937
40.092745096680304,-88.23580504147702,92.5852737426758
40.09274503654195,-88.23580243540667,92.3948211669922
40.09274498331432,-88.23579981586533,92.2309036254883
40.09274493173038,-88.23579718566802,92.1255340576172
40.09274494751076,-88.23579450799335,92.0924835205078
40.09274490840782,-88.23579186079958,92.0765686035156
40.09274486786032,-88.23578921513672,92.1026763916016
40.092744825941885,-88.2357865678267,92.1201705932617
40.09274478477728,-88.23578391749274,92.1459655761719
40.092744761758894,-88.23578108206965,92.1747817993164
40.09274471389268,-88.23577840394454,92.1976547241211
40.092744666059595,-88.235775724278,92.2180099487305
40.09274461850876,-88.2357730397881,92.2457275390625
40.092744571036604,-88.23577035427579,92.2745742797852
40.09274449715282,-88.23576755219935,92.2075347900391
40.092744438299825,-88.23576485094925,92.2216186523437
40.092744389282785,-88.23576215092503,92.2571182250977
40.092744334057926,-88.23575944968279,92.2755889892578
40.09274427268945,-88.2357567476296,92.3023300170899
40.092744263881535,-88.2357538849911,92.3260269165039
40.09274421285344,-88.23575116927209,92.3325271606445
40.09274415480619,-88.2357484487683,92.3178024291992
40.09274409198054,-88.23574572314202,92.2841110229492
40.09274404141449,-88.23574299181547,92.2795867919922
40.092743982849946,-88.23574024922691,92.258056640625
40.09274397882642,-88.23573744463128,92.2350769042969
40.092743926139974,-88.23573466905869,92.2276077270508
40.09274387269169,-88.23573188792727,92.2125091552734
40.09274381254011,-88.23572909863063,92.1990432739258
40.0927437551552,-88.23572618389503,92.1704406738281
40.09274370032309,-88.23572336500118,92.1561431884766
40.092743649210824,-88.23572054425875,92.1480484008789
40.09274359095055,-88.23571771676315,92.1359710693359
40.09274353001525,-88.23571488720923,92.1342086791992
40.09274353376322,-88.23571193005506,92.1331253051758
40.092743480619504,-88.23570906252026,92.1563415527344
40.092743418941694,-88.23570619013539,92.1568603515625
40.09274336122384,-88.23570331997003,92.1637802124024
40.092743316556444,-88.23570037728201,92.1765899658203
40.09274325316544,-88.23569748253942,92.1697769165039
40.09274318756781,-88.2356945821528,92.1533126831055
40.09274312598875,-88.23569168282496,92.1464538574219
40.09274306279037,-88.23568878479082,92.1261138916016
40.09274299726014,-88.235685886352,92.106086730957
40.09274302033165,-88.23568286243523,92.072135925293
40.09274296957148,-88.23567994686421,92.0564346313477
40.0927429109329,-88.2356770333426,92.0185775756836
40.09274286044205,-88.23567413357246,92.0027542114258
40.09274285917736,-88.23567112504178,91.9705581665039
40.09274281544683,-88.23566822471592,91.9515914916992
40.09274277007978,-88.2356653270165,91.9226303100586
40.09274272042604,-88.23566243558307,91.8848266601563
40.09274267958125,-88.2356595484377,91.8707427978516
40.09274263547394,-88.23565667063667,91.8344802856445
40.092742630623455,-88.23565369895684,91.8212051391602
40.092742585305594,-88.23565081524242,91.7791137695312
40.09274254509364,-88.23564793376292,91.7651977539063
40.09274250358094,-88.23564505974925,91.7273025512695
40.09274246094477,-88.23564219114576,91.68408203125
40.0927424610269,-88.23563922283229,91.6688461303711
40.09274241641235,-88.23563634143923,91.6295623779297
40.09274237693853,-88.23563346067326,91.5963592529297
40.0927423349271,-88.23563058564127,91.5707015991211
40.092742299834725,-88.23562771164188,91.5490188598633
40.09274226128653,-88.23562483570483,91.5182037353516
40.09274229063182,-88.23562178723432,91.4859848022461
40.092742261159884,-88.23561887886792,91.4585037231445
40.09274222742698,-88.23561596291496,91.4284744262695
40.092742192113356,-88.23561303662622,91.3948669433594
40.09274222358645,-88.23561001642281,91.3623352050781
40.09274220103594,-88.23560706821438,91.3395462036133
40.09274217523298,-88.23560411660523,91.3012619018555
40.09274214417356,-88.23560116323057,91.2634735107422
40.092742120010826,-88.23559820472686,91.2257537841797
40.09274216298814,-88.23559509565729,91.197380065918
40.092742141158894,-88.23559210557909,91.1582336425781
40.092742121679166,-88.2355891092915,91.1219787597656
40.09274210542356,-88.23558610340987,91.0915145874023
40.092742085107545,-88.23558299060308,91.0464706420899
40.09274206537344,-88.23557996097546,90.9928588867188
40.09274205207843,-88.23557692052148,90.9489059448242
40.092742041244364,-88.23557387399485,90.9114837646484
40.09274202214297,-88.23557082025093,90.8710479736328
40.09274200320767,-88.23556775815958,90.8229751586914
40.092742098923004,-88.23556459358325,90.7957916259766
40.092742097933886,-88.23556150227179,90.7495269775391
40.092742099362376,-88.235558405489,90.693489074707
40.09274210147936,-88.23555530335159,90.6591110229492
40.09274209913981,-88.23555220632431,90.611442565918
40.092742116705104,-88.23554899021252,90.5694198608398
40.092742121312845,-88.23554588524253,90.5335083007813
40.092742123378954,-88.23554278048859,90.4846801757813
40.09274212516378,-88.23553968042151,90.4594116210938
40.092742125067325,-88.23553658448955,90.4184646606445
40.09274213956345,-88.23553335965812,90.4038619995117
40.092742138787365,-88.2355302550232,90.3782501220703
40.09274214254429,-88.23552715472051,90.3648223876953
40.09274214133244,-88.23552405596726,90.381721496582
40.092742232687115,-88.23552088896304,90.370246887207
40.092742244934215,-88.23551779178406,90.3761215209961
40.092742257484986,-88.23551469701889,90.3925704956055
40.09274226418201,-88.23551160822188,90.3961944580078
40.09274226603308,-88.23550852286364,90.4074935913086
40.09274227060485,-88.23550544810114,90.4106674194336
40.09274226773807,-88.23550238050598,90.4200439453125
40.09274238659681,-88.23549910222889,90.4292831420898
40.09274239455742,-88.2354960061682,90.4123840332031
40.092742413110464,-88.23549291519204,90.442626953125
40.09274241792675,-88.23548982804138,90.440071105957
40.09274239827347,-88.23548664389335,90.4367370605469
40.09274240410303,-88.23548355338616,90.4576950073242
40.092742405384676,-88.23548046201317,90.4594039916992
40.092742400478805,-88.23547737583812,90.4626235961914
40.092742400464395,-88.23547429089705,90.463981628418
40.09274252277875,-88.23547111006108,90.5018005371094
40.09274252845482,-88.23546801496371,90.5062789916992
40.09274253459661,-88.23546492750067,90.5079727172852
40.09274253892333,-88.23546185084611,90.5202102661133
40.092742594787644,-88.23545870401023,90.5206527709961
40.09274260592734,-88.23545563147444,90.523323059082
40.092742616732174,-88.23545256990009,90.5298080444336
40.09274262034846,-88.23544952001272,90.5290985107422
40.09274262358005,-88.23544648054278,90.5317077636719
40.09274262887272,-88.23544345167309,90.5448150634766
40.09274266685195,-88.23544030655653,90.5614700317383
40.092742671358494,-88.23543727959023,90.5653762817383
40.09274267131384,-88.23543426580123,90.5576248168945
40.092742676306486,-88.23543126090753,90.5685043334961
40.09274267664309,-88.23542826315541,90.5768356323242
40.09274271637264,-88.23542512396273,90.5717239379883
40.09274272168907,-88.23542212622613,90.5811004638672
40.092742726254066,-88.23541913711317,90.5954284667969
40.09274272355131,-88.2354161538182,90.5938034057617
40.09274272146309,-88.23541317927793,90.5978469848633
40.09274278007916,-88.23541013894327,90.5776977539063
40.0927427827436,-88.2354071743323,90.579460144043
40.09274277705345,-88.2354042170124,90.5864562988281
40.09274277131496,-88.23540126487164,90.5988922119141
40.092742773266295,-88.235398326046,90.6320343017578
40.09274282805471,-88.23539523384983,90.6443939208984
40.092742832739965,-88.23539228695469,90.671989440918
40.092742833178384,-88.23538934842783,90.6943511962891
40.092742826189856,-88.2353864155085,90.7110824584961
40.092742816636694,-88.23538348832558,90.7292633056641
40.09274285806679,-88.23538048253748,90.7515335083008
40.0927428567311,-88.23537755189696,90.7677001953125
40.09274285004408,-88.23537462192256,90.7800979614258
40.09274284009649,-88.23537169876417,90.8001022338867
40.09274288002778,-88.23536866059996,90.8220520019531
40.09274287117359,-88.23536573037417,90.8506088256836
40.09274285060022,-88.2353628092717,90.8629837036133
40.09274283223698,-88.23535989776595,90.9003372192383
40.092742815345495,-88.23535699206863,90.9311904907227
40.092742798855944,-88.23535409588145,90.9585113525391
40.092742856727234,-88.23535109147413,91.0053100585938
40.09274284183907,-88.23534820307869,91.0432815551758
40.09274281846982,-88.23534532722044,91.0743942260742
40.09274279488333,-88.2353424785871,91.1063232421875
40.09274277488685,-88.23533964653623,91.1427841186523
40.09274280363823,-88.23533667569771,91.1729583740234
40.09274278160103,-88.23533384510579,91.207763671875
40.09274275678837,-88.23533102227327,91.2202987670898
40.092742735710296,-88.23532821352596,91.2734527587891
40.09274270630348,-88.23532543608988,91.300895690918
40.09274274958872,-88.23532260691591,91.3242721557617
40.09274272673205,-88.23531984123025,91.3536529541016
40.092742697092234,-88.23531708900335,91.3865509033203
40.09274266734256,-88.23531435910299,91.4135513305664
40.09274263351718,-88.2353116576867,91.4298400878906
40.092742656620146,-88.23530880991494,91.4464721679687
40.092742627520224,-88.23530611270425,91.4414291381836
40.09274260049231,-88.23530342573328,91.4228210449219
40.092742573571506,-88.23530076198516,91.3921279907227
40.09274254157401,-88.23529812352763,91.3320388793945
40.09274258417288,-88.23529536393283,91.2892532348633
40.09274256701295,-88.23529273276355,91.1888961791992
40.09274254894719,-88.2352901240555,91.0422744750977
40.092742534359026,-88.23528754196137,90.8799667358398
40.09274256969013,-88.23528489970515,90.6699447631836
40.092742572661265,-88.23528234645198,90.4251327514649
40.09274257958357,-88.23527981114015,90.1613845825195
40.09274259669553,-88.23527729307345,89.840934753418
40.09274262818661,-88.23527479300257,89.4831466674805
40.09274266645412,-88.23527231270786,89.0558776855469
40.092742714106826,-88.23526973367017,88.5849761962891
40.09274278328071,-88.23526728001268,88.1099853515625
40.09274286247542,-88.23526484276213,87.6384735107422
40.09274294852357,-88.23526242743844,87.1408386230469
40.0927430880448,-88.23525996552885,86.648681640625
40.09274320868339,-88.23525759197962,86.149040222168
40.09274334293993,-88.23525523886443,85.6025161743164
40.09274349798825,-88.23525290093187,85.0342483520508
40.09274366471902,-88.23525056759412,84.4146728515625
40.0927438860571,-88.23524816671423,83.7263336181641
40.092744097088215,-88.23524585932658,83.0372924804687
40.09274432531784,-88.23524355586527,82.2966232299805
40.092744575264604,-88.23524127797127,81.5497817993164
40.09274484404626,-88.23523900157329,80.7496948242187
40.09274513176982,-88.2352367421887,79.8952713012695
40.09274560341572,-88.2352344404943,79.0214996337891
40.09274596560523,-88.23523219259326,78.1043014526367
40.09274634971265,-88.23522994813538,77.1283187866211
40.092746768555024,-88.23522772502263,76.12109375
40.09274721870574,-88.23522551482839,75.0830535888672
40.09274767095009,-88.23522316632281,73.9705810546875
40.09274817327162,-88.2352209696397,72.7999649047852
40.09274871297134,-88.23521879591388,71.5905227661133
40.09274928082093,-88.23521664155616,70.3350601196289
40.09274988602764,-88.23521450769346,69.0472030639648
40.09275058369465,-88.2352123755448,67.7301635742188
40.09275126615764,-88.23521027688403,66.403205871582
40.09275198395646,-88.23520820794668,65.0161972045899
40.0927527352016,-88.23520617152039,63.5955429077148
40.09275352553992,-88.23520417299642,62.1638412475586
40.09275442706969,-88.23520214597488,60.7219200134277
40.092755297449614,-88.23520021115395,59.2728805541992
40.09275619366682,-88.2351983095373,57.7859268188477
40.09275712872661,-88.23519645370938,56.3090858459473
40.092758098112185,-88.23519464573492,54.8305015563965
40.09275919663066,-88.23519271778463,53.3367576599121
40.09276024266974,-88.23519095795942,51.8216247558594
40.09276131933723,-88.23518924809447,50.2900428771973
40.09276243024936,-88.23518759854097,48.7658309936523
40.09276356904181,-88.23518599383776,47.2019195556641
40.092764618368356,-88.2351843155899,45.5759201049805
40.09276578687076,-88.23518278821635,43.9673538208008
40.09276698129084,-88.23518132118805,42.3439521789551
40.092768201930674,-88.23517991161697,40.7318115234375
40.092769445570354,-88.2351785477665,39.1277275085449
40.092770853306334,-88.23517719070028,37.4819297790527
40.09277215641994,-88.23517593862064,35.8307685852051
40.09277347418716,-88.2351747406693,34.1335601806641
40.092774810855275,-88.23517359494633,32.4078330993652
40.09277616790826,-88.23517244989931,30.6446170806885
40.09277754603122,-88.23517142008288,28.8906936645508
40.092778945485634,-88.235170454398,27.1502246856689
40.092780367459206,-88.2351695473914,25.4205837249756
40.09278182290652,-88.23516870504476,23.7107543945312
40.09278330738719,-88.23516788600733,21.9911098480225
40.09278481816769,-88.23516712875981,20.2636642456055
40.092786354871855,-88.23516643293725,18.528844833374
40.09278791105695,-88.23516578919357,16.7363548278809
40.09278948743383,-88.23516522344798,14.9305000305176
40.092791081195216,-88.23516472787863,13.068959236145
40.09279278563594,-88.23516421585386,11.146409034729
40.092794418668774,-88.23516383153401,9.18405342102051
40.092796056892894,-88.23516352349775,7.15741348266602
40.092797697534245,-88.23516330661701,5.12873840332031
40.09279934402121,-88.2351631697736,3.11400175094604
40.092801016975514,-88.23516296917258,1.08632671833038
40.0928026742096,-88.23516296212283,359.049499511719
40.09280432921057,-88.2351630328391,357.004516601563
40.09280597354915,-88.23516318328892,354.949493408203
40.092807601911446,-88.2351634136324,352.886322021484
40.09280925958199,-88.23516383314328,350.807037353516
40.09281086325547,-88.23516422931785,348.767578125
40.092812449635794,-88.23516469683672,346.732269287109
40.09281400997341,-88.23516524057291,344.719940185547
40.09281554103445,-88.23516586131556,342.710540771484
40.09281707014933,-88.23516638522062,340.707397460937
40.09281854511737,-88.23516711952698,338.748687744141
40.09281999377231,-88.23516791057997,336.778991699219
40.09282142447674,-88.23516876940074,334.838775634766
40.09282283510815,-88.23516969300327,332.904266357422
40.092824313516644,-88.23517064010889,330.98828125
40.092825684336496,-88.23517167491376,329.054931640625
40.09282702022583,-88.23517277683348,327.146148681641
40.09282833010508,-88.23517394870643,325.275787353516
40.092829618238916,-88.23517517019962,323.385040283203
40.09283087632178,-88.23517645850104,321.525512695312
40.09283207187173,-88.23517771291282,319.661590576172
40.092833272463146,-88.23517910587421,317.813690185547
40.092834441876846,-88.23518056695849,316.004425048828
40.09283558157451,-88.23518208280717,314.201171875
40.09283682134017,-88.23518366131042,312.522430419922
40.092837915448946,-88.23518529159071,310.807495117187
40.092838979157584,-88.23518697002352,309.097564697266
40.0928400095522,-88.23518870271961,307.402221679687
40.092841009337,-88.23519048011357,305.686004638672
40.092842004624934,-88.23519225903895,303.975280761719
40.09284292816647,-88.2351941235604,302.275695800781
40.09284381022217,-88.23519602878805,300.581970214844
40.09284544918359,-88.23519996875189,297.228851318359
40.09284621881182,-88.23520207958397,295.6044921875
40.0928469318125,-88.23520415729114,294.015289306641
40.092847603112695,-88.23520627171021,292.483337402344
40.092848236040936,-88.23520841914329,291.00146484375
40.09284882611894,-88.2352105977676,289.548431396484
40.092849402286355,-88.23521280159866,288.115844726562
40.092849916161946,-88.23521504811353,286.703979492187
40.092850390355665,-88.23521733013726,285.313751220703
40.09285082039303,-88.23521964673134,283.976867675781
40.09285121549888,-88.2352219992924,282.662200927734
40.09285166124191,-88.2352244395821,281.314300537109
40.09285198709633,-88.2352268775184,280.098175048828
40.092852279606475,-88.23522935082134,278.947723388672
40.09285253430721,-88.23523185819042,277.865386962891
40.092852751508836,-88.23523439526579,276.889617919922
40.092852957089356,-88.23523705200301,275.984252929688
40.09285311298417,-88.23523964599741,275.185516357422
40.09285324665637,-88.23524225033964,274.478210449219
40.0928533574563,-88.23524486173025,273.855804443359
40.092853442087616,-88.23524748193303,273.343170166016
40.09285350466674,-88.23525010537104,272.903533935547
40.09285360404857,-88.23525279555315,272.491882324219
40.09285365096186,-88.23525544504685,272.099548339844
40.09285368243868,-88.23525809866678,271.757476806641
40.092853697291964,-88.23526076352402,271.446105957031
40.09285369009007,-88.23526352585286,271.131408691406
40.09285368373569,-88.23526622569213,270.841278076172
40.092853664385565,-88.2352689338743,270.550445556641
40.092853636990796,-88.23527166146106,270.293792724609
40.09285359990943,-88.23527440410909,270.117523193359
40.09285354247115,-88.23527719696945,270.117736816406
40.092853486964046,-88.23527997443966,270.177368164062
40.0928534457656,-88.23528277327713,270.237670898437
40.0928534132919,-88.23528559621919,270.291595458984
40.092853379969156,-88.23528843547395,270.355133056641
40.09285332767447,-88.23529140382368,270.432556152344
40.09285329394129,-88.23529429149707,270.492523193359
40.09285326899086,-88.23529719003943,270.545837402344
40.09285323614515,-88.23530010324268,270.619689941406
40.09285321041912,-88.23530302555166,270.680938720703
40.092853197629395,-88.23530595737216,270.728240966797
40.09285318525222,-88.23530889980144,270.798370361328
40.09285313886162,-88.23531197979305,270.857086181641
40.09285312436196,-88.23531496782229,270.923767089844
40.092853114522214,-88.23531797616867,270.979431152344
40.09285308840159,-88.2353211210806,271.050872802734
40.09285308448337,-88.23532418528326,271.102905273437
40.09285308755318,-88.23532727435973,271.175262451172
40.09285309565492,-88.23533039221132,271.238983154297
40.092853103496374,-88.23533353676955,271.31787109375
40.09285307074762,-88.23533676345733,271.357086181641
40.092853081304085,-88.23533995346875,271.419555664062
40.0928530859185,-88.23534316339004,271.514862060547
40.092853109346244,-88.23534639152642,271.56982421875
40.09285304954489,-88.23534976536884,271.615447998047
40.09285305913568,-88.23535303724093,271.680084228516
40.092853081330325,-88.2353563184798,271.717681884766
40.092853104133084,-88.23535961564254,271.745147705078
40.09285312038056,-88.23536291675119,271.794738769531
40.09285315001001,-88.2353662287552,271.823669433594
40.09285320866384,-88.2353696306344,271.819030761719
40.09285324172317,-88.23537297891147,271.825256347656
40.09285328254233,-88.23537633858511,271.855621337891
40.092853326450204,-88.23537970668772,271.845764160156
40.09285336173955,-88.23538308391547,271.872497558594
40.09285329076825,-88.23538660239443,271.895446777344
40.09285332443131,-88.23539002050626,271.905578613281
40.09285336002302,-88.23539345448431,271.915832519531
40.092853396718674,-88.23539690365106,271.925750732422
40.09285343324833,-88.2354003547652,271.938690185547
40.09285340789036,-88.235403931536,271.904174804687
40.09285344271237,-88.23540741312608,271.919555664063
40.09285348692464,-88.23541089834643,271.928802490234
40.092853526260605,-88.23541438217511,271.930236816406
40.092853489152375,-88.23541799771303,271.945770263672
40.092853519193234,-88.23542150209823,271.937957763672
40.09285354659083,-88.23542500562598,271.94384765625
40.092853578790304,-88.2354284983439,271.942626953125
40.092853620896015,-88.23543199276533,271.929840087891
40.092853656394865,-88.23543549364312,271.927520751953
40.09285369661156,-88.23543906065703,271.917510986328
40.092853738216306,-88.23544256732393,271.895904541016
40.0928537673932,-88.23544606941987,271.918365478516
40.092853806260536,-88.23544957414488,271.910675048828
40.09285377668032,-88.23545319573567,271.890777587891
40.09285380579022,-88.23545672961124,271.892395019531
40.09285384221633,-88.23546027356196,271.884521484375
40.09285387931799,-88.23546381772412,271.855102539062
40.09285391208481,-88.23546736316483,271.860046386719
40.09285395717826,-88.23547091678269,271.859741210937
40.09285394960009,-88.23547462267875,271.853485107422
40.09285398619397,-88.23547821274133,271.864318847656
40.09285403146647,-88.23548180869426,271.850250244141
40.09285407089779,-88.23548540775309,271.844604492187
40.092854108101804,-88.23548900995316,271.845458984375
40.09285924205382,-88.23578091361786,271.839538574219
40.092854150779374,-88.23549636024258,271.841156005859
40.09285420130613,-88.23549998734902,271.828979492187
40.09285424822628,-88.23550361540234,271.824432373047
40.09285429457416,-88.23550723817516,271.826812744141
40.09285423664259,-88.23551099821472,271.833251953125
40.09285427549323,-88.23551463947813,271.824523925781
40.09285431558401,-88.23551827647185,271.832672119141
40.09285435995321,-88.2355219073724,271.832366943359
40.092854417447896,-88.23552563347336,271.812683105469
40.09285445800568,-88.23552926616144,271.828643798828
40.09285450400784,-88.23553289792771,271.825561523437
40.09285455697022,-88.23553652858838,271.831756591797
40.09285461268203,-88.2355401511465,271.839630126953
40.09285456880723,-88.23554384538475,271.80615234375
40.092854611294335,-88.23554745556804,271.824157714844
40.09285465305819,-88.23555105503631,271.855590820312
40.092854701215934,-88.23555464351999,271.877960205078
40.0928547565204,-88.23555822951363,271.910125732422
40.09285477394605,-88.23556193901119,271.938995361328
40.092854827997385,-88.23556553370189,271.96240234375
40.09285488235996,-88.23556911814266,271.988159179687
40.09285493326037,-88.23557270085577,272.025817871094
40.09285499677772,-88.23557627783569,272.040161132812
40.09285505697607,-88.23557984757132,272.066070556641
40.092855055635276,-88.23558352599876,272.098693847656
40.09285511916668,-88.23558709727628,272.107330322266
40.09285517120925,-88.23559066508507,272.145721435547
40.0928552390484,-88.23559422651583,272.173583984375
40.092855211137085,-88.2355978313664,272.188110351563
40.09285526609877,-88.23560138476537,272.221832275391
40.09285531958952,-88.23560493238848,272.255218505859
40.092855378570725,-88.23560847260592,272.271179199219
40.092855434241656,-88.23561200469025,272.305297851562
40.092855452882226,-88.23561564906167,272.318115234375
40.09285551539529,-88.23561918888936,272.326049804687
40.09285557735361,-88.23562272426877,272.366729736328
40.092855642085055,-88.23562625068493,272.383697509766
40.09285571121947,-88.2356297706367,272.405395507812
40.092855748206915,-88.23563337627957,272.432067871094
40.09285582298983,-88.23563690060986,272.455352783203
40.09285589253326,-88.23564041883043,272.471771240234
40.092855971278986,-88.23564392749392,272.506774902344
40.09285605550876,-88.23564742936229,272.522003173828
40.092856138156606,-88.23565092449005,272.538635253906
40.092856108255894,-88.2356545274035,272.574859619141
40.092856183932305,-88.23565802519157,272.582183837891
40.09285625970983,-88.2356615126982,272.609222412109
40.09285633219469,-88.23566498542087,272.640045166016
40.092856386737004,-88.2356685642077,272.659912109375
40.09285646176048,-88.23567201704155,272.677917480469
40.09285653688384,-88.23567545466184,272.703643798828
40.09285662805731,-88.23567888183655,272.715423583984
40.09285672285334,-88.23568229884543,272.725067138672
40.092856753116855,-88.23568579425495,272.715301513672
40.09285683299509,-88.23568918185322,272.740112304687
40.092856909980675,-88.23569254819006,272.761596679688
40.09285698767215,-88.23569588765713,272.791168212891
40.092857071996356,-88.23569918795421,272.806976318359
40.092857136974395,-88.2357025712228,272.826721191406
40.092857222134974,-88.23570584404159,272.853698730469
40.09285731195184,-88.2357090877996,272.860198974609
40.09285739844397,-88.23571230066321,272.891876220703
40.092857482646835,-88.23571548394206,272.920532226563
40.09285757895278,-88.23571863901341,272.930084228516
40.09285759300141,-88.23572184255421,272.951751708984
40.092857678535225,-88.2357249440478,272.963958740234
40.09285776579002,-88.23572799762809,272.997680664063
40.09285785085166,-88.2357309922297,272.998687744141
40.09285792953224,-88.23573393337449,273.026824951172
40.092858006753225,-88.23573697052798,273.052551269531
40.09285809515106,-88.23573980887267,273.062927246094
40.09285818799362,-88.23574257472842,273.079376220703
40.09285827770923,-88.23574526865875,273.090209960937
40.09285829975046,-88.23574800438026,273.114715576172
40.09285837678146,-88.23575055352576,273.120056152344
40.092858448811846,-88.23575301657942,273.133239746094
40.0928585215361,-88.23575539124569,273.143157958984
40.09285859410619,-88.23575767804766,273.159973144531
40.092858582699165,-88.23575997960776,273.175231933594
40.09285864083843,-88.2357620775942,273.182312011719
40.092858690985324,-88.23576404602511,273.194488525391
40.092858738395904,-88.2357658734667,273.214263916016
40.092858788724435,-88.23576756197285,273.214935302734
40.09285883581679,-88.23576912366242,273.216552734375
40.09285891903544,-88.23577069018617,273.247833251953
40.09285895927566,-88.23577202184799,273.255218505859
40.092858994246946,-88.23577324227439,273.268218994141
40.092859033397204,-88.23577435639713,273.265686035156
40.0928590723751,-88.23577537945337,273.275939941406
40.092859070186854,-88.23577639790618,273.275543212891
40.09285910086272,-88.235777252932,273.281951904297
40.09285912690648,-88.23577800903918,273.29052734375
40.092859150834855,-88.23577866685469,273.294281005859
40.09285917375376,-88.23577922735385,273.301910400391
40.092859170447774,-88.23577982973363,273.308319091797
40.09285918927389,-88.23578022329195,273.309936523437
40.09285920721057,-88.2357805304717,273.312194824219
40.092859224076086,-88.23578075343711,273.312469482422
40.09285923989355,-88.23578089574305,273.313812255859
40.09285919621308,-88.23578103373852,273.315734863281
40.092859203424155,-88.23578103700683,273.316986083984
40.09285921200467,-88.23578100005236,273.317169189453
40.09285922467689,-88.23578097294292,273.31591796875
40.0928592409617,-88.2357809537272,273.314178466797
40.09285922884406,-88.2357810153046,273.266143798828
40.092859244935276,-88.23578099436507,273.266265869141
40.09285926363003,-88.23578097269929,273.264770507812
40.09285928397542,-88.23578094847063,273.263916015625
40.092859221330244,-88.23578091440301,273.266998291016
40.09285923849406,-88.23578103204346,273.265228271484
40.0928592541343,-88.23578101748208,273.265411376953
40.09285927267471,-88.23578099885128,273.265686035156
40.092859294222,-88.2357809762838,273.266479492188
40.092859317984285,-88.2357809507544,273.265930175781
40.09285920639205,-88.23578106547674,273.266021728516
40.09285921965928,-88.2357810518946,273.265197753906
40.092859234378736,-88.23578103516053,273.265747070312
40.09285925184552,-88.23578101491665,273.265777587891
40.09285921670053,-88.23578105284845,273.265655517578
40.0928592310693,-88.23578103590701,273.265838623047
40.0928592471722,-88.23578101539955,273.266479492188
40.09285925463073,-88.23578087260894,273.203643798828
40.092859222492386,-88.23578092475265,273.20556640625
40.09285922776883,-88.23578091686419,273.205780029297
40.092859234986186,-88.23578090620305,273.206024169922
40.092859244067526,-88.23578089300457,273.206207275391
40.09285925525154,-88.23578087669377,273.204559326172
40.092859268294255,-88.235780857312,273.204406738281
40.092859227711756,-88.23578090655164,273.205352783203
40.09285923470913,-88.23578089521266,273.206817626953
40.09285924356477,-88.23578088081423,273.206420898437
40.09285925410704,-88.23578086278964,273.206298828125
40.09285922476062,-88.23578092753446,273.205108642578
40.092859230406276,-88.2357809219849,273.204132080078
40.09285923773978,-88.23578091325989,273.203308105469
40.09285924708651,-88.23578090115461,273.203308105469
40.09285925878159,-88.23578088641325,273.200866699219
40.09285922090743,-88.23578091557275,273.205139160156
40.09285922553314,-88.23578090663811,273.205047607422
40.09285923176579,-88.23578089411228,273.205230712891
40.092859239941895,-88.23578087869443,273.204406738281
40.092859250147704,-88.23578086052053,273.204010009766
40.09285926277258,-88.2357808392087,273.201629638672
40.09285923703453,-88.2357809077434,273.203430175781
40.092859245097316,-88.23578089708633,273.203186035156
40.09285925509533,-88.23578088423946,273.203247070313
40.092859266724865,-88.2357808677092,273.203857421875
40.092859280576846,-88.2357808480215,273.203918457031
40.09285924035975,-88.23578090798205,273.205993652344
40.092859247987,-88.23578089756973,273.205169677734
40.09285925724877,-88.23578088348268,273.2041015625
40.09285926862621,-88.23578086601616,273.20263671875
40.092859281633345,-88.23578084596694,273.201721191406
40.09285924037963,-88.23578090739048,273.205780029297
40.09285924645069,-88.23578089695107,273.206939697266
40.09285925518657,-88.23578088307106,273.2041015625
40.09285926549805,-88.23578086693155,273.204071044922
40.09285923223789,-88.2357809133904,273.204956054687
40.09285923700986,-88.23578090563971,273.205902099609
40.092859243832365,-88.2357808955403,273.205810546875
40.092859252668724,-88.23578088273898,273.206481933594
40.09285926361496,-88.2357808670532,273.206420898437
40.09285923472001,-88.23578091554076,273.207824707031
40.09285923956253,-88.23578090864521,273.208465576172
40.09285924746798,-88.23578089815882,273.206451416016
40.092859257067396,-88.23578088373742,273.207641601562
40.092859268326336,-88.23578086474458,273.207824707031
40.09285928052539,-88.23578084129502,273.208587646484
40.09285924857385,-88.23578093498062,273.208190917969
40.09285925617476,-88.23578092859853,273.206848144531
40.09285926675091,-88.23578092033094,273.204223632812
40.09285927721176,-88.23578090942351,273.204833984375
40.092859289839616,-88.23578089563657,273.205230712891
40.092859260182465,-88.23578089997109,273.204406738281
